Model,Deployment_Day,Accuracy,Precision,Recall_DetectionRate,F1_Score,False_Positive_Rate
RandomForest_Static,Feb_20,0.92785,0.0,0.0,0.0,1.616614485943537e-05
RandomForest_Static,Feb_21,0.34379,0.0,0.0,0.0,4.362938293509402e-05
RandomForest_Static,Feb_22,0.999595,0.0,0.0,0.0,4.0014605330945796e-05
RandomForest_Static,Feb_23,0.99932,0.0,0.0,0.0,6.003722307830855e-05
RandomForest_Static,Feb_28,0.8882910901881566,0.23404255319148937,0.0019783283125758733,0.00392349190779794,0.0008101174670327197
RandomForest_Static,Mar01,0.7193475478038243,0.4692982456140351,0.0019069004847447962,0.0037983670571529998,0.0008410253558718861
RandomForest_Static,Mar02,0.72594,0.0,0.0,0.0,0.0
MLP_Static,Feb_20,0.92761,0.22580645161290322,0.001455604075691412,0.002892561983471074,0.0003879874766264489
MLP_Static,Feb_21,0.34536,0.9814241486068112,0.0024154405321588856,0.004819020689864855,8.725876587018804e-05
MLP_Static,Feb_22,0.99888,0.0,0.0,0.0,0.0007552756756216019
MLP_Static,Feb_23,0.99851,0.0,0.0,0.0,0.000870539734635474
MLP_Static,Feb_28,0.8861460151105288,0.0873634945397816,0.002517872397823839,0.0048946770387203915,0.003291102209820424
MLP_Static,Mar01,0.7168273461876951,0.2196969696969697,0.0036177644710578844,0.007118311242022582,0.005011399021352313
MLP_Static,Mar02,0.72556,0.0,0.0,0.0,0.0005234592390555694
1D-CNN_Static,Feb_20,0.92718,0.0,0.0,0.0,0.0007382539485808819
1D-CNN_Static,Feb_21,0.343845,0.7,0.00010667560709849968,0.00021331870576493802,8.725876587018804e-05
1D-CNN_Static,Feb_22,0.998745,0.0,0.0,0.0,0.0008903249686135439
1D-CNN_Static,Feb_23,0.998105,0.0,0.0,0.0,0.0012757909904140567
1D-CNN_Static,Feb_28,0.8848459696089364,0.11736178467507274,0.005440402859583652,0.010398762461326917,0.005119492326387326
1D-CNN_Static,Mar01,0.7179974397951836,0.38801261829652994,0.008768177929854577,0.017148832345765076,0.005393683274021352
1D-CNN_Static,Mar02,0.725475,0.0,0.0,0.0,0.0006405488056864204
LSTM_Static,Feb_20,0.924265,0.027559055118110236,0.001455604075691412,0.002765158996642307,0.003993037780280537
LSTM_Static,Feb_21,0.34536,0.9784615384615385,0.002423060218380207,0.004834149159344501,0.00010180189351521938
LSTM_Static,Feb_22,0.997685,0.002551020408163265,0.0136986301369863,0.004301075268817204,0.0019557138355499755
LSTM_Static,Feb_23,0.997695,0.0029498525073746312,0.008064516129032258,0.004319654427645789,0.0016910484500390242
LSTM_Static,Feb_28,0.8818258639052367,0.12694161756829137,0.010655995683647317,0.019661523145843702,0.009170079661550925
LSTM_Static,Mar01,0.718732498599888,0.4660049627791563,0.016734388366124894,0.03230856572677069,0.007478870106761566
LSTM_Static,Mar02,0.72456,0.0,0.0,0.0,0.0019009835523596992
