Model,Deployment_Day,Accuracy,Precision,Recall_DetectionRate,F1_Score,False_Positive_Rate,Active_Window_PSI,Active_Window_WD
RandomForest_Adaptive,Block_4,1.0,0.0,0.0,0.0,0.0,0.027177758988804042,0.0052866406785699975
MLP_Adaptive,Block_4,1.0,0.0,0.0,0.0,0.0,0.027177758988804042,0.0052866406785699975
1D-CNN_Adaptive,Block_4,1.0,0.0,0.0,0.0,0.0,0.027177758988804042,0.0052866406785699975
LSTM_Adaptive,Block_4,0.999955,0.0,0.0,0.0,4.5e-05,0.027177758988804042,0.0052866406785699975
RandomForest_Adaptive,Block_5,1.0,0.0,0.0,0.0,0.0,0.01305566458445174,0.0036296302171939785
MLP_Adaptive,Block_5,1.0,0.0,0.0,0.0,0.0,0.01305566458445174,0.0036296302171939785
1D-CNN_Adaptive,Block_5,1.0,0.0,0.0,0.0,0.0,0.01305566458445174,0.0036296302171939785
LSTM_Adaptive,Block_5,1.0,0.0,0.0,0.0,0.0,0.01305566458445174,0.0036296302171939785
RandomForest_Adaptive,Block_6,0.98786,0.8965454462700833,0.992192615725583,0.941947207345065,0.012617473507746451,0.08810610388003037,0.018025872444735774
MLP_Adaptive,Block_6,0.984715,0.8665968220708923,0.9999496297788747,0.928509623254835,0.016963923906587398,0.08810610388003037,0.018025872444735774
1D-CNN_Adaptive,Block_6,0.98472,0.8670512652419038,0.9992948169042463,0.9284878551036645,0.016886209595497012,0.08810610388003037,0.018025872444735774
LSTM_Adaptive,Block_6,0.98452,0.8659212997335896,0.9986903742507429,0.9275789473684211,0.017041638217677787,0.08810610388003037,0.018025872444735774
RandomForest_Adaptive,Block_7,0.98135,0.9178749498538599,0.9737354085603113,0.9449803817446971,0.017150995787054767,0.1141259600688421,0.030143948249720883
MLP_Adaptive,Block_7,0.97737,0.8792983582009734,0.9996352140077821,0.9356132813611403,0.027013117579471467,0.1141259600688421,0.030143948249720883
1D-CNN_Adaptive,Block_7,0.97731,0.8789555270472525,0.9997264105058365,0.9354590965980203,0.027102882037533513,0.1141259600688421,0.030143948249720883
LSTM_Adaptive,Block_7,0.97531,0.8709335031576713,0.9977504863813229,0.9300388200957751,0.02910762160091919,0.1141259600688421,0.030143948249720883
RandomForest_Adaptive,Block_8,0.987295,0.9568640163004468,0.9838586801257023,0.9701736058126842,0.011791437757917921,0.22197828015513535,0.05314691922275495
MLP_Adaptive,Block_8,0.98255,0.923994891893082,0.9990953242548328,0.9600786987257213,0.02184865439631383,0.22197828015513535,0.05314691922275495
1D-CNN_Adaptive,Block_8,0.982625,0.9253869763949919,0.9977145033806304,0.96019062675419,0.02138661738271855,0.22197828015513535,0.05314691922275495
LSTM_Adaptive,Block_8,0.979995,0.9144184423458595,0.998166841253214,0.954459051846793,0.02483607179928606,0.22197828015513535,0.05314691922275495
RandomForest_Adaptive,Block_9,0.990735,0.9788479861411866,0.9889386726407169,0.983867457187383,0.008546589763691343,0.07540548814664212,0.02813803579510361
MLP_Adaptive,Block_9,0.984795,0.9497647039260355,0.9996499579949594,0.9740690525525909,0.02114598499272035,0.07540548814664212,0.02813803579510361
1D-CNN_Adaptive,Block_9,0.98424,0.9478810606312017,0.9998074768972277,0.9731520757738369,0.021985944674655616,0.07540548814664212,0.02813803579510361
LSTM_Adaptive,Block_9,0.98263,0.9427411636579651,0.9999299915989919,0.9704938082861948,0.024288834135961473,0.07540548814664212,0.02813803579510361
RandomForest_Adaptive,Block_10,0.988535,0.9623882965071514,0.9837578706353749,0.9729557597273167,0.01019788450832532,0.008585359206084976,0.005543706773166904
MLP_Adaptive,Block_10,0.982325,0.9232499173189285,0.998712077847739,0.9594995589060871,0.02202161040538489,0.008585359206084976,0.005543706773166904
1D-CNN_Adaptive,Block_10,0.981935,0.92185057142228,0.9984735737454684,0.9586334024112387,0.022451794119135584,0.008585359206084976,0.005543706773166904
LSTM_Adaptive,Block_10,0.97989,0.9125059852870762,0.9999522991795459,0.9542299201128889,0.02543144895996761,0.008585359206084976,0.005543706773166904
