Model,Deployment_Day,Accuracy,Precision,Recall_DetectionRate,F1_Score,False_Positive_Rate,Active_Window_PSI,Active_Window_WD
RandomForest_Adaptive_NoReservoir,Block_4,1.0,0.0,0.0,0.0,0.0,0.027177758988804042,0.0052866406785699975
MLP_Adaptive_NoReservoir,Block_4,1.0,0.0,0.0,0.0,0.0,0.027177758988804042,0.0052866406785699975
1D-CNN_Adaptive_NoReservoir,Block_4,1.0,0.0,0.0,0.0,0.0,0.027177758988804042,0.0052866406785699975
LSTM_Adaptive_NoReservoir,Block_4,0.999955,0.0,0.0,0.0,4.5e-05,0.027177758988804042,0.0052866406785699975
RandomForest_Adaptive_NoReservoir,Block_5,1.0,0.0,0.0,0.0,0.0,0.01305566458445174,0.0036296302171939785
MLP_Adaptive_NoReservoir,Block_5,1.0,0.0,0.0,0.0,0.0,0.01305566458445174,0.0036296302171939785
1D-CNN_Adaptive_NoReservoir,Block_5,1.0,0.0,0.0,0.0,0.0,0.01305566458445174,0.0036296302171939785
LSTM_Adaptive_NoReservoir,Block_5,1.0,0.0,0.0,0.0,0.0,0.01305566458445174,0.0036296302171939785
RandomForest_Adaptive_NoReservoir,Block_6,0.900735,0.0,0.0,0.0,0.0,0.08810610388003037,0.018025872444735774
MLP_Adaptive_NoReservoir,Block_6,0.900735,0.0,0.0,0.0,0.0,0.08810610388003037,0.018025872444735774
1D-CNN_Adaptive_NoReservoir,Block_6,0.900735,0.0,0.0,0.0,0.0,0.08810610388003037,0.018025872444735774
LSTM_Adaptive_NoReservoir,Block_6,0.900735,0.0,0.0,0.0,0.0,0.08810610388003037,0.018025872444735774
RandomForest_Adaptive_NoReservoir,Block_7,0.9795,0.9109018264840183,0.9702699416342413,0.9396490814884597,0.01868297587131367,0.1141259600688421,0.030143948249720883
MLP_Adaptive_NoReservoir,Block_7,0.97513,0.8708494926419805,0.9965953307392996,0.9294888151739389,0.029095653006510916,0.1141259600688421,0.030143948249720883
1D-CNN_Adaptive_NoReservoir,Block_7,0.976495,0.8799148408656049,0.9925522859922179,0.9328457351827779,0.026666028341631558,0.1141259600688421,0.030143948249720883
LSTM_Adaptive_NoReservoir,Block_7,0.9753,0.8709266532215264,0.9976896887159533,0.9300085009917823,0.02910762160091919,0.1141259600688421,0.030143948249720883
RandomForest_Adaptive_NoReservoir,Block_8,0.98687,0.9561862835959222,0.9825016665079517,0.9691653750410972,0.011968657434365426,0.22197828015513535,0.05314691922275493
MLP_Adaptive_NoReservoir,Block_8,0.98194,0.9213160089548308,0.9993572040758023,0.958751113445858,0.02269044785943948,0.22197828015513535,0.05314691922275493
1D-CNN_Adaptive_NoReservoir,Block_8,0.9817,0.9238592147152458,0.9948576326064185,0.958044843871796,0.021798020203043115,0.22197828015513535,0.05314691922275493
LSTM_Adaptive_NoReservoir,Block_8,0.97994,0.9141268803139306,0.998262070279021,0.9543437194164371,0.02493101091166865,0.22197828015513535,0.05314691922275493
RandomForest_Adaptive_NoReservoir,Block_9,0.99073,0.9785988849257194,0.9891837020442453,0.9838628253111672,0.00865158472393325,0.07540548814664212,0.02813803579510361
MLP_Adaptive_NoReservoir,Block_9,0.98634,0.9559198176454814,0.9982147857742929,0.9766095890410958,0.018409116362414605,0.07540548814664212,0.02813803579510361
1D-CNN_Adaptive_NoReservoir,Block_9,0.985445,0.9524707531583251,0.9988973676841221,0.9751317734095355,0.01993504311793034,0.07540548814664212,0.02813803579510361
LSTM_Adaptive_NoReservoir,Block_9,0.982715,0.9430056944788314,0.9999299915989919,0.9706339565583031,0.02416983984768731,0.07540548814664212,0.02813803579510361
RandomForest_Adaptive_NoReservoir,Block_10,0.988365,0.9613242934693973,0.9840917763785537,0.9725748093672288,0.010501543600384635,0.008585359206084976,0.005543706773166903
MLP_Adaptive_NoReservoir,Block_10,0.982,0.9217243959332776,0.9989744323602366,0.9587959253748426,0.022502403967812137,0.008585359206084976,0.005543706773166903
1D-CNN_Adaptive_NoReservoir,Block_10,0.98118,0.9180615195863641,0.9994275901545506,0.9570182250034257,0.023660104256288273,0.008585359206084976,0.005543706773166903
LSTM_Adaptive_NoReservoir,Block_10,0.97946,0.9108190310666956,0.9999284487693189,0.9532958912208099,0.02596917860215598,0.008585359206084976,0.005543706773166903
