Model,Deployment_Block,Accuracy,Precision,Recall_DetectionRate,F1_Score,False_Positive_Rate
RandomForest_Static,Block_4,1.0,0.0,0.0,0.0,0.0
RandomForest_Static,Block_5,1.0,0.0,0.0,0.0,0.0
RandomForest_Static,Block_6,0.990085,0.9170556385362211,0.9896237344481942,0.9519587179300821,0.009864166486258444
RandomForest_Static,Block_7,0.97998,0.9029342853955149,0.9840710116731517,0.9417583056961657,0.020825354270394485
RandomForest_Static,Block_8,0.98352,0.9369835177240912,0.987977335491858,0.9618049922358449,0.017665004177320944
RandomForest_Static,Block_9,0.986,0.9579751188429251,0.9946268552226267,0.9759569973724432,0.017450162392205173
RandomForest_Static,Block_10,0.98293,0.9343031123139377,0.988050944476245,0.960425650299068,0.018428311149349664
MLP_Static,Block_4,1.0,0.0,0.0,0.0,0.0
MLP_Static,Block_5,1.0,0.0,0.0,0.0,0.0
MLP_Static,Block_6,0.986985,0.8850790249129387,0.9985392635873671,0.9383919907221131,0.014288331196189778
MLP_Static,Block_7,0.97338,0.876728425424933,0.9752857490272373,0.9233846596632609,0.026995164687859056
MLP_Static,Block_8,0.973455,0.9166761292666864,0.960956099419103,0.9382939897950882,0.023222106888781995
MLP_Static,Block_9,0.967025,0.9419078429658128,0.942715625875105,0.9423115613054469,0.023252883861574643
MLP_Static,Block_10,0.978455,0.9128421237461865,0.9919385613432551,0.9507480940461086,0.025121463636823726
1D-CNN_Static,Block_4,1.0,0.0,0.0,0.0,0.0
1D-CNN_Static,Block_5,1.0,0.0,0.0,0.0,0.0
1D-CNN_Static,Block_6,0.98666,0.8817701159639223,0.9996474084521231,0.9370160528800755,0.014771270129394328
1D-CNN_Static,Block_7,0.977315,0.8789587620600262,0.9997568093385214,0.9354742366276506,0.027102882037533513
1D-CNN_Static,Block_8,0.98136,0.9186646832341617,0.9997619274354823,0.957499201969994,0.02353224132256513
1D-CNN_Static,Block_9,0.98282,0.9433912411652025,0.9998599831979837,0.970805152431771,0.02399484824728413
1D-CNN_Static,Block_10,0.97968,0.9118696427794457,0.9996899446670483,0.9537624866316244,0.02562756212358925
LSTM_Static,Block_4,1.0,0.0,0.0,0.0,0.0
LSTM_Static,Block_5,1.0,0.0,0.0,0.0,0.0
LSTM_Static,Block_6,0.982495,0.8505101603361056,0.9992948169042463,0.918918918918919,0.01935641448372718
LSTM_Static,Block_7,0.93945,0.731037702294149,0.999665612840467,0.8445043656908063,0.07240401187284565
LSTM_Static,Block_8,0.840615,0.5685841606956616,0.9993810113322541,0.7248020857613979,0.20159371123319578
LSTM_Static,Block_9,0.887065,0.7167848403087156,0.9996674600952115,0.8349156927664613,0.15796841751595925
LSTM_Static,Block_10,0.864695,0.6077834326561979,0.9997376454875024,0.7559763740475224,0.171124550837593
